{
  "permalink": "/blog/first-blog-post",
  "source": "@site/blog/2019-05-28-first-blog-post.md",
  "title": "First Blog Post",
  "description": "Lorem ipsum dolor sit amet, consectetur adipiscing elit. Pellentesque elementum dignissim ultricies. Fusce rhoncus ipsum tempor eros aliquam consequat. Lorem ipsum dolor sit amet",
  "date": "2019-05-28T00:00:00.000Z",
  "tags": [
    {
      "label": "hola",
      "permalink": "/blog/tags/hola"
    },
    {
      "label": "docusaurus",
      "permalink": "/blog/tags/docusaurus"
    }
  ],
  "readingTime": 0.12,
  "hasTruncateMarker": false,
  "authors": [
    {
      "name": "Gao Wei",
      "title": "Docusaurus Core Team",
      "url": "https://github.com/wgao19",
      "image_url": "https://github.com/wgao19.png",
      "imageURL": "https://github.com/wgao19.png"
    }
  ],
  "frontMatter": {
    "slug": "first-blog-post",
    "title": "First Blog Post",
    "authors": {
      "name": "Gao Wei",
      "title": "Docusaurus Core Team",
      "url": "https://github.com/wgao19",
      "image_url": "https://github.com/wgao19.png",
      "imageURL": "https://github.com/wgao19.png"
    },
    "tags": [
      "hola",
      "docusaurus"
    ]
  },
  "unlisted": false,
  "prevItem": {
    "title": "Long Blog Post",
    "permalink": "/blog/long-blog-post"
  }
}