{"version":{"pluginId":"default","version":"current","label":"Next","banner":null,"badge":false,"noIndex":false,"className":"docs-version-current","isLast":true,"docsSidebars":{"tutorialSidebar":[{"type":"link","label":"Pendahuluan","href":"/docs/intro","docId":"intro","unlisted":false},{"type":"category","label":"Panduan Ibadah Wajib","collapsible":true,"collapsed":true,"items":[{"type":"category","label":"Panduan - Sholat","collapsible":true,"collapsed":true,"items":[{"type":"link","label":"Sayarat Sah Sholat","href":"/docs/ibadah-wajib/sholat/syarat-sah-sholat","docId":"ibadah-wajib/sholat/syarat-sah-sholat","unlisted":false},{"type":"link","label":"Rukun Shalat","href":"/docs/ibadah-wajib/sholat/rukun-sholat","docId":"ibadah-wajib/sholat/rukun-sholat","unlisted":false}],"href":"/docs/category/panduan---sholat"},{"type":"category","label":"Panduan - Zakat","collapsible":true,"collapsed":true,"items":[{"type":"link","label":"rukun-zakat","href":"/docs/ibadah-wajib/zakat/rukun-zakat","docId":"ibadah-wajib/zakat/rukun-zakat","unlisted":false}],"href":"/docs/category/panduan---zakat"},{"type":"category","label":"Panduan - Puasa","collapsible":true,"collapsed":true,"items":[{"type":"link","label":"rukun-puasa","href":"/docs/ibadah-wajib/puasa/rukun-puasa","docId":"ibadah-wajib/puasa/rukun-puasa","unlisted":false}],"href":"/docs/category/panduan---puasa"},{"type":"category","label":"Panduan - Haji","collapsible":true,"collapsed":true,"items":[{"type":"link","label":"rukun-haji","href":"/docs/ibadah-wajib/haji/rukun-haji","docId":"ibadah-wajib/haji/rukun-haji","unlisted":false}],"href":"/docs/category/panduan---haji"}],"href":"/docs/category/panduan-ibadah-wajib"},{"type":"category","label":"Tutorial - Basics","collapsible":true,"collapsed":true,"items":[{"type":"link","label":"Create a Page","href":"/docs/tutorial-basics/create-a-page","docId":"tutorial-basics/create-a-page","unlisted":false},{"type":"link","label":"Create a Document","href":"/docs/tutorial-basics/create-a-document","docId":"tutorial-basics/create-a-document","unlisted":false},{"type":"link","label":"Create a Blog Post","href":"/docs/tutorial-basics/create-a-blog-post","docId":"tutorial-basics/create-a-blog-post","unlisted":false},{"type":"link","label":"Markdown Features","href":"/docs/tutorial-basics/markdown-features","docId":"tutorial-basics/markdown-features","unlisted":false},{"type":"link","label":"Deploy your site","href":"/docs/tutorial-basics/deploy-your-site","docId":"tutorial-basics/deploy-your-site","unlisted":false},{"type":"link","label":"Congratulations!","href":"/docs/tutorial-basics/congratulations","docId":"tutorial-basics/congratulations","unlisted":false}],"href":"/docs/category/tutorial---basics"},{"type":"category","label":"Tutorial - Extras","collapsible":true,"collapsed":true,"items":[{"type":"link","label":"Manage Docs Versions","href":"/docs/tutorial-extras/manage-docs-versions","docId":"tutorial-extras/manage-docs-versions","unlisted":false},{"type":"link","label":"Translate your site","href":"/docs/tutorial-extras/translate-your-site","docId":"tutorial-extras/translate-your-site","unlisted":false}],"href":"/docs/category/tutorial---extras"}]},"docs":{"ibadah-wajib/haji/rukun-haji":{"id":"ibadah-wajib/haji/rukun-haji","title":"rukun-haji","description":"","sidebar":"tutorialSidebar"},"ibadah-wajib/puasa/rukun-puasa":{"id":"ibadah-wajib/puasa/rukun-puasa","title":"rukun-puasa","description":"","sidebar":"tutorialSidebar"},"ibadah-wajib/sholat/rukun-sholat":{"id":"ibadah-wajib/sholat/rukun-sholat","title":"Rukun Shalat","description":"Al-Qadhi Abu Syuja’  rahimahullah  dalam  Matan Taqrib  berkata,","sidebar":"tutorialSidebar"},"ibadah-wajib/sholat/syarat-sah-sholat":{"id":"ibadah-wajib/sholat/syarat-sah-sholat","title":"Sayarat Sah Sholat","description":"","sidebar":"tutorialSidebar"},"ibadah-wajib/zakat/rukun-zakat":{"id":"ibadah-wajib/zakat/rukun-zakat","title":"rukun-zakat","description":"","sidebar":"tutorialSidebar"},"intro":{"id":"intro","title":"Pendahuluan","description":"Mari belajar ibadah sesuai Al Quran dan As Sunnah.","sidebar":"tutorialSidebar"},"tutorial-basics/congratulations":{"id":"tutorial-basics/congratulations","title":"Congratulations!","description":"You have just learned the basics of Docusaurus and made some changes to the initial template.","sidebar":"tutorialSidebar"},"tutorial-basics/create-a-blog-post":{"id":"tutorial-basics/create-a-blog-post","title":"Create a Blog Post","description":"Docusaurus creates a page for each blog post, but also a blog index page, a tag system, an RSS feed...","sidebar":"tutorialSidebar"},"tutorial-basics/create-a-document":{"id":"tutorial-basics/create-a-document","title":"Create a Document","description":"Documents are groups of pages connected through:","sidebar":"tutorialSidebar"},"tutorial-basics/create-a-page":{"id":"tutorial-basics/create-a-page","title":"Create a Page","description":"Add Markdown or React files to src/pages to create a standalone page:","sidebar":"tutorialSidebar"},"tutorial-basics/deploy-your-site":{"id":"tutorial-basics/deploy-your-site","title":"Deploy your site","description":"Docusaurus is a static-site-generator (also called Jamstack).","sidebar":"tutorialSidebar"},"tutorial-basics/markdown-features":{"id":"tutorial-basics/markdown-features","title":"Markdown Features","description":"Docusaurus supports Markdown and a few additional features.","sidebar":"tutorialSidebar"},"tutorial-extras/manage-docs-versions":{"id":"tutorial-extras/manage-docs-versions","title":"Manage Docs Versions","description":"Docusaurus can manage multiple versions of your docs.","sidebar":"tutorialSidebar"},"tutorial-extras/translate-your-site":{"id":"tutorial-extras/translate-your-site","title":"Translate your site","description":"Let's translate docs/intro.md to French.","sidebar":"tutorialSidebar"}}}}