{
  "docusaurus-plugin-content-docs": {
    "default": {
      "path": "/docs",
      "versions": [
        {
          "name": "current",
          "label": "Next",
          "isLast": true,
          "path": "/docs",
          "mainDocId": "intro",
          "docs": [
            {
              "id": "ibadah-wajib/haji/rukun-haji",
              "path": "/docs/ibadah-wajib/haji/rukun-haji",
              "sidebar": "tutorialSidebar"
            },
            {
              "id": "ibadah-wajib/puasa/rukun-puasa",
              "path": "/docs/ibadah-wajib/puasa/rukun-puasa",
              "sidebar": "tutorialSidebar"
            },
            {
              "id": "ibadah-wajib/sholat/rukun-sholat",
              "path": "/docs/ibadah-wajib/sholat/rukun-sholat",
              "sidebar": "tutorialSidebar"
            },
            {
              "id": "ibadah-wajib/sholat/syarat-sah-sholat",
              "path": "/docs/ibadah-wajib/sholat/syarat-sah-sholat",
              "sidebar": "tutorialSidebar"
            },
            {
              "id": "ibadah-wajib/zakat/rukun-zakat",
              "path": "/docs/ibadah-wajib/zakat/rukun-zakat",
              "sidebar": "tutorialSidebar"
            },
            {
              "id": "intro",
              "path": "/docs/intro",
              "sidebar": "tutorialSidebar"
            },
            {
              "id": "tutorial-basics/congratulations",
              "path": "/docs/tutorial-basics/congratulations",
              "sidebar": "tutorialSidebar"
            },
            {
              "id": "tutorial-basics/create-a-blog-post",
              "path": "/docs/tutorial-basics/create-a-blog-post",
              "sidebar": "tutorialSidebar"
            },
            {
              "id": "tutorial-basics/create-a-document",
              "path": "/docs/tutorial-basics/create-a-document",
              "sidebar": "tutorialSidebar"
            },
            {
              "id": "tutorial-basics/create-a-page",
              "path": "/docs/tutorial-basics/create-a-page",
              "sidebar": "tutorialSidebar"
            },
            {
              "id": "tutorial-basics/deploy-your-site",
              "path": "/docs/tutorial-basics/deploy-your-site",
              "sidebar": "tutorialSidebar"
            },
            {
              "id": "tutorial-basics/markdown-features",
              "path": "/docs/tutorial-basics/markdown-features",
              "sidebar": "tutorialSidebar"
            },
            {
              "id": "tutorial-extras/manage-docs-versions",
              "path": "/docs/tutorial-extras/manage-docs-versions",
              "sidebar": "tutorialSidebar"
            },
            {
              "id": "tutorial-extras/translate-your-site",
              "path": "/docs/tutorial-extras/translate-your-site",
              "sidebar": "tutorialSidebar"
            },
            {
              "id": "/category/panduan-ibadah-wajib",
              "path": "/docs/category/panduan-ibadah-wajib",
              "sidebar": "tutorialSidebar"
            },
            {
              "id": "/category/panduan---sholat",
              "path": "/docs/category/panduan---sholat",
              "sidebar": "tutorialSidebar"
            },
            {
              "id": "/category/panduan---zakat",
              "path": "/docs/category/panduan---zakat",
              "sidebar": "tutorialSidebar"
            },
            {
              "id": "/category/panduan---puasa",
              "path": "/docs/category/panduan---puasa",
              "sidebar": "tutorialSidebar"
            },
            {
              "id": "/category/panduan---haji",
              "path": "/docs/category/panduan---haji",
              "sidebar": "tutorialSidebar"
            },
            {
              "id": "/category/tutorial---basics",
              "path": "/docs/category/tutorial---basics",
              "sidebar": "tutorialSidebar"
            },
            {
              "id": "/category/tutorial---extras",
              "path": "/docs/category/tutorial---extras",
              "sidebar": "tutorialSidebar"
            }
          ],
          "draftIds": [],
          "sidebars": {
            "tutorialSidebar": {
              "link": {
                "path": "/docs/intro",
                "label": "intro"
              }
            }
          }
        }
      ],
      "breadcrumbs": true
    }
  }
}