{
  "/__docusaurus/debug-5ff": {
    "__comp": "__comp---theme-debug-config-23-a-2ff",
    "__context": {
      "plugin": "plugin---docusaurus-debugb-38-ad3"
    }
  },
  "/__docusaurus/debug/config-5ba": {
    "__comp": "__comp---theme-debug-config-23-a-2ff",
    "__context": {
      "plugin": "plugin---docusaurus-debugb-38-ad3"
    }
  },
  "/__docusaurus/debug/content-466": {
    "__comp": "__comp---theme-debug-contentba-8-ce7",
    "__context": {
      "plugin": "plugin---docusaurus-debugb-38-ad3"
    },
    "__props": "__props---docusaurus-debug-content-10-f-697"
  },
  "/__docusaurus/debug/globalData-c3c": {
    "__comp": "__comp---theme-debug-global-dataede-0fa",
    "__context": {
      "plugin": "plugin---docusaurus-debugb-38-ad3"
    }
  },
  "/__docusaurus/debug/metadata-156": {
    "__comp": "__comp---theme-debug-site-metadata-68-e-3d4",
    "__context": {
      "plugin": "plugin---docusaurus-debugb-38-ad3"
    }
  },
  "/__docusaurus/debug/registry-88c": {
    "__comp": "__comp---theme-debug-registry-679-501",
    "__context": {
      "plugin": "plugin---docusaurus-debugb-38-ad3"
    }
  },
  "/__docusaurus/debug/routes-000": {
    "__comp": "__comp---theme-debug-routes-946-699",
    "__context": {
      "plugin": "plugin---docusaurus-debugb-38-ad3"
    }
  },
  "/blog-e21": {
    "__comp": "__comp---theme-blog-list-pagea-6-a-7ba",
    "__context": {
      "plugin": "plugin---blog-369-22e"
    },
    "sidebar": "sidebar---blog-814-8ac",
    "items": [
      {
        "content": "content---blog-766-e3c"
      },
      {
        "content": "content---blogf-4-f-cd7"
      },
      {
        "content": "content---blog-871-381"
      },
      {
        "content": "content---blog-925-e00"
      }
    ],
    "__props": "__props---blog-53-a-a6e"
  },
  "/blog/archive-245": {
    "__comp": "__comp---theme-blog-archive-page-9-e-4-1d8",
    "__context": {
      "plugin": "plugin---blog-369-22e"
    },
    "__props": "__props---blog-archive-250-cf5"
  },
  "/blog/first-blog-post-89a": {
    "__comp": "__comp---theme-blog-post-pageccc-cab",
    "__context": {
      "data": {
        "blogMetadata": "blogMetadata---blog-first-blog-postace-ee5"
      },
      "plugin": "plugin---blog-369-22e"
    },
    "sidebar": "sidebar---blog-814-8ac",
    "content": "content---blog-first-blog-poste-27-4a1"
  },
  "/blog/long-blog-post-9ad": {
    "__comp": "__comp---theme-blog-post-pageccc-cab",
    "__context": {
      "data": {
        "blogMetadata": "blogMetadata---blog-first-blog-postace-ee5"
      },
      "plugin": "plugin---blog-369-22e"
    },
    "sidebar": "sidebar---blog-814-8ac",
    "content": "content---blog-long-blog-post-736-bc7"
  },
  "/blog/mdx-blog-post-e9f": {
    "__comp": "__comp---theme-blog-post-pageccc-cab",
    "__context": {
      "data": {
        "blogMetadata": "blogMetadata---blog-first-blog-postace-ee5"
      },
      "plugin": "plugin---blog-369-22e"
    },
    "sidebar": "sidebar---blog-814-8ac",
    "content": "content---blog-mdx-blog-post-593-37b"
  },
  "/blog/tags-4c4": {
    "__comp": "__comp---theme-blog-tags-list-page-01-a-d0b",
    "__context": {
      "plugin": "plugin---blog-369-22e"
    },
    "sidebar": "sidebar---blog-814-8ac",
    "__props": "__props---blog-tags-417-25d"
  },
  "/blog/tags/docusaurus-fb9": {
    "__comp": "__comp---theme-blog-tags-posts-page-687-b6c",
    "__context": {
      "plugin": "plugin---blog-369-22e"
    },
    "sidebar": "sidebar---blog-814-8ac",
    "items": [
      {
        "content": "content---blog-766-e3c"
      },
      {
        "content": "content---blogf-4-f-cd7"
      },
      {
        "content": "content---blog-871-381"
      },
      {
        "content": "content---blog-925-e00"
      }
    ],
    "__props": "__props---blog-tags-docusaurusf-75-880"
  },
  "/blog/tags/facebook-aba": {
    "__comp": "__comp---theme-blog-tags-posts-page-687-b6c",
    "__context": {
      "plugin": "plugin---blog-369-22e"
    },
    "sidebar": "sidebar---blog-814-8ac",
    "items": [
      {
        "content": "content---blog-766-e3c"
      }
    ],
    "__props": "__props---blog-tags-facebooka-32-22e"
  },
  "/blog/tags/hello-41a": {
    "__comp": "__comp---theme-blog-tags-posts-page-687-b6c",
    "__context": {
      "plugin": "plugin---blog-369-22e"
    },
    "sidebar": "sidebar---blog-814-8ac",
    "items": [
      {
        "content": "content---blog-766-e3c"
      },
      {
        "content": "content---blog-871-381"
      }
    ],
    "__props": "__props---blog-tags-hello-9-d-2-3a7"
  },
  "/blog/tags/hola-8e5": {
    "__comp": "__comp---theme-blog-tags-posts-page-687-b6c",
    "__context": {
      "plugin": "plugin---blog-369-22e"
    },
    "sidebar": "sidebar---blog-814-8ac",
    "items": [
      {
        "content": "content---blog-925-e00"
      }
    ],
    "__props": "__props---blog-tags-holafbc-785"
  },
  "/blog/welcome-d2b": {
    "__comp": "__comp---theme-blog-post-pageccc-cab",
    "__context": {
      "data": {
        "blogMetadata": "blogMetadata---blog-first-blog-postace-ee5"
      },
      "plugin": "plugin---blog-369-22e"
    },
    "sidebar": "sidebar---blog-814-8ac",
    "content": "content---blog-welcomed-9-f-ffb"
  },
  "/markdown-page-3d7": {
    "__comp": "__comp---theme-mdx-page-1-f-3-b90",
    "__context": {
      "plugin": "plugin---markdown-pagea-74-7b5"
    },
    "content": "content---markdown-page-393-028"
  },
  "/docs-fb9": {
    "__comp": "__comp---theme-docs-root-5-e-9-0b6",
    "__context": {
      "plugin": "plugin---docsaba-d7c"
    }
  },
  "/docs-f65": {
    "__comp": "__comp---theme-doc-version-roota-7-b-5de",
    "__props": "__props---docs-7-c-1-f86"
  },
  "/docs-001": {
    "__comp": "__comp---theme-doc-roota-94-67a"
  },
  "/docs/category/panduan---haji-5cd": {
    "__comp": "__comp---theme-doc-category-generated-index-page-14-e-640",
    "__props": "__props---docs-category-panduan-haji-3-b-6-e1b"
  },
  "/docs/category/panduan---puasa-7b2": {
    "__comp": "__comp---theme-doc-category-generated-index-page-14-e-640",
    "__props": "__props---docs-category-panduan-puasae-8-d-a15"
  },
  "/docs/category/panduan---sholat-797": {
    "__comp": "__comp---theme-doc-category-generated-index-page-14-e-640",
    "__props": "__props---docs-category-panduan-sholate-79-13a"
  },
  "/docs/category/panduan---zakat-a96": {
    "__comp": "__comp---theme-doc-category-generated-index-page-14-e-640",
    "__props": "__props---docs-category-panduan-zakat-13-e-83b"
  },
  "/docs/category/panduan-ibadah-wajib-7e1": {
    "__comp": "__comp---theme-doc-category-generated-index-page-14-e-640",
    "__props": "__props---docs-category-panduan-ibadah-wajibcf-8-289"
  },
  "/docs/category/tutorial---basics-5f8": {
    "__comp": "__comp---theme-doc-category-generated-index-page-14-e-640",
    "__props": "__props---docs-category-tutorial-basics-6-a-9-21d"
  },
  "/docs/category/tutorial---extras-b09": {
    "__comp": "__comp---theme-doc-category-generated-index-page-14-e-640",
    "__props": "__props---docs-category-tutorial-extras-02-e-213"
  },
  "/docs/ibadah-wajib/haji/rukun-haji-f3e": {
    "__comp": "__comp---theme-doc-item-178-a40",
    "content": "content---docs-ibadah-wajib-haji-rukun-haji-2-f-6-46e"
  },
  "/docs/ibadah-wajib/puasa/rukun-puasa-a0c": {
    "__comp": "__comp---theme-doc-item-178-a40",
    "content": "content---docs-ibadah-wajib-puasa-rukun-puasa-4-f-6-729"
  },
  "/docs/ibadah-wajib/sholat/rukun-sholat-76b": {
    "__comp": "__comp---theme-doc-item-178-a40",
    "content": "content---docs-ibadah-wajib-sholat-rukun-sholat-09-d-e83"
  },
  "/docs/ibadah-wajib/sholat/syarat-sah-sholat-311": {
    "__comp": "__comp---theme-doc-item-178-a40",
    "content": "content---docs-ibadah-wajib-sholat-syarat-sah-sholatee-9-bac"
  },
  "/docs/ibadah-wajib/zakat/rukun-zakat-fba": {
    "__comp": "__comp---theme-doc-item-178-a40",
    "content": "content---docs-ibadah-wajib-zakat-rukun-zakat-2-c-9-665"
  },
  "/docs/intro-61d": {
    "__comp": "__comp---theme-doc-item-178-a40",
    "content": "content---docs-intro-0-e-3-be1"
  },
  "/docs/tutorial-basics/congratulations-458": {
    "__comp": "__comp---theme-doc-item-178-a40",
    "content": "content---docs-tutorial-basics-congratulations-822-958"
  },
  "/docs/tutorial-basics/create-a-blog-post-108": {
    "__comp": "__comp---theme-doc-item-178-a40",
    "content": "content---docs-tutorial-basics-create-a-blog-post-533-e85"
  },
  "/docs/tutorial-basics/create-a-document-8fc": {
    "__comp": "__comp---theme-doc-item-178-a40",
    "content": "content---docs-tutorial-basics-create-a-document-1-e-4-078"
  },
  "/docs/tutorial-basics/create-a-page-951": {
    "__comp": "__comp---theme-doc-item-178-a40",
    "content": "content---docs-tutorial-basics-create-a-page-5-c-8-e19"
  },
  "/docs/tutorial-basics/deploy-your-site-4f5": {
    "__comp": "__comp---theme-doc-item-178-a40",
    "content": "content---docs-tutorial-basics-deploy-your-sitef-55-a3f"
  },
  "/docs/tutorial-basics/markdown-features-b05": {
    "__comp": "__comp---theme-doc-item-178-a40",
    "content": "content---docs-tutorial-basics-markdown-features-18-c-a79"
  },
  "/docs/tutorial-extras/manage-docs-versions-978": {
    "__comp": "__comp---theme-doc-item-178-a40",
    "content": "content---docs-tutorial-extras-manage-docs-versionsdff-6d4"
  },
  "/docs/tutorial-extras/translate-your-site-f9a": {
    "__comp": "__comp---theme-doc-item-178-a40",
    "content": "content---docs-tutorial-extras-translate-your-sitee-44-ddf"
  },
  "/-2e1": {
    "__comp": "__comp---site-src-pages-index-jsc-4-f-f99",
    "__context": {
      "plugin": "plugin---markdown-pagea-74-7b5"
    },
    "config": "config---5-e-9-4f3"
  }
}