{
  "id": "ibadah-wajib/haji/rukun-haji",
  "title": "rukun-haji",
  "description": "",
  "source": "@site/docs/ibadah-wajib/haji/rukun-haji.md",
  "sourceDirName": "ibadah-wajib/haji",
  "slug": "/ibadah-wajib/haji/rukun-haji",
  "permalink": "/docs/ibadah-wajib/haji/rukun-haji",
  "draft": false,
  "unlisted": false,
  "tags": [],
  "version": "current",
  "frontMatter": {},
  "sidebar": "tutorialSidebar",
  "previous": {
    "title": "Panduan - Haji",
    "permalink": "/docs/category/panduan---haji"
  },
  "next": {
    "title": "Tutorial - Basics",
    "permalink": "/docs/category/tutorial---basics"
  }
}