{
  "id": "ibadah-wajib/zakat/rukun-zakat",
  "title": "rukun-zakat",
  "description": "",
  "source": "@site/docs/ibadah-wajib/zakat/rukun-zakat.mdx",
  "sourceDirName": "ibadah-wajib/zakat",
  "slug": "/ibadah-wajib/zakat/rukun-zakat",
  "permalink": "/docs/ibadah-wajib/zakat/rukun-zakat",
  "draft": false,
  "unlisted": false,
  "tags": [],
  "version": "current",
  "frontMatter": {},
  "sidebar": "tutorialSidebar",
  "previous": {
    "title": "Panduan - Zakat",
    "permalink": "/docs/category/panduan---zakat"
  },
  "next": {
    "title": "Panduan - Puasa",
    "permalink": "/docs/category/panduan---puasa"
  }
}