{
  "id": "ibadah-wajib/puasa/rukun-puasa",
  "title": "rukun-puasa",
  "description": "",
  "source": "@site/docs/ibadah-wajib/puasa/rukun-puasa.md",
  "sourceDirName": "ibadah-wajib/puasa",
  "slug": "/ibadah-wajib/puasa/rukun-puasa",
  "permalink": "/docs/ibadah-wajib/puasa/rukun-puasa",
  "draft": false,
  "unlisted": false,
  "tags": [],
  "version": "current",
  "frontMatter": {},
  "sidebar": "tutorialSidebar",
  "previous": {
    "title": "Panduan - Puasa",
    "permalink": "/docs/category/panduan---puasa"
  },
  "next": {
    "title": "Panduan - Haji",
    "permalink": "/docs/category/panduan---haji"
  }
}