{
  "id": "intro",
  "title": "Pendahuluan",
  "description": "Mari belajar ibadah sesuai Al Quran dan As Sunnah.",
  "source": "@site/docs/intro.md",
  "sourceDirName": ".",
  "slug": "/intro",
  "permalink": "/docs/intro",
  "draft": false,
  "unlisted": false,
  "tags": [],
  "version": "current",
  "sidebarPosition": 1,
  "frontMatter": {
    "sidebar_position": 1
  },
  "sidebar": "tutorialSidebar",
  "next": {
    "title": "Panduan Ibadah Wajib",
    "permalink": "/docs/category/panduan-ibadah-wajib"
  }
}