{
  "id": "ibadah-wajib/sholat/rukun-sholat",
  "title": "Rukun Shalat",
  "description": "Al-Qadhi Abu Syuja’  rahimahullah  dalam  Matan Taqrib  berkata,",
  "source": "@site/docs/ibadah-wajib/sholat/rukun-sholat.mdx",
  "sourceDirName": "ibadah-wajib/sholat",
  "slug": "/ibadah-wajib/sholat/rukun-sholat",
  "permalink": "/docs/ibadah-wajib/sholat/rukun-sholat",
  "draft": false,
  "unlisted": false,
  "tags": [],
  "version": "current",
  "frontMatter": {
    "title": "Rukun Shalat"
  },
  "sidebar": "tutorialSidebar",
  "previous": {
    "title": "Sayarat Sah Sholat",
    "permalink": "/docs/ibadah-wajib/sholat/syarat-sah-sholat"
  },
  "next": {
    "title": "Panduan - Zakat",
    "permalink": "/docs/category/panduan---zakat"
  }
}