{
  "id": "ibadah-wajib/sholat/syarat-sah-sholat",
  "title": "Sayarat Sah Sholat",
  "description": "",
  "source": "@site/docs/ibadah-wajib/sholat/syarat-sah-sholat.md",
  "sourceDirName": "ibadah-wajib/sholat",
  "slug": "/ibadah-wajib/sholat/syarat-sah-sholat",
  "permalink": "/docs/ibadah-wajib/sholat/syarat-sah-sholat",
  "draft": false,
  "unlisted": false,
  "tags": [],
  "version": "current",
  "sidebarPosition": 4,
  "frontMatter": {
    "title": "Sayarat Sah Sholat",
    "sidebar_position": 4
  },
  "sidebar": "tutorialSidebar",
  "previous": {
    "title": "Panduan - Sholat",
    "permalink": "/docs/category/panduan---sholat"
  },
  "next": {
    "title": "Rukun Shalat",
    "permalink": "/docs/ibadah-wajib/sholat/rukun-sholat"
  }
}